AvgVelocity,Mass,PressureDrop,Surface Area,Velocity Inlet,X Cell Size,YZ Cell Size,Reynolds
564.4031617,129.898274,6070.294679,25202.68663,3214.285714,25,15.35714286,28680.71078
515.1316987,137.284307,5845.135436,30699.75682,3071.428571,25,11.07142857,22247.77408
561.4646983,131.3624144,7109.120861,27334.16304,2500,10,22.85714286,20253.37921
563.5729224,129.6585512,7376.613184,26207.80935,2714.285714,13.75,20.71428571,23996.27624
636.2417175,124.4988706,8013.8228,22671.54383,3500,25,19.64285714,34832.16203
701.7506793,155.8650042,14271.51916,34714.82646,3500,10,10,20834.26776
587.7472165,127.2479031,6806.846043,24012.35017,3000,21.25,18.57142857,27844.26252
609.2898573,126.8825595,7799.853836,23943.24071,2857.142857,13.75,23.92857143,27075.6179
550.8015179,126.3036276,5256.545962,23183.49958,3000,21.25,19.64285714,29220.89584
685.8582745,144.0139529,13622.20099,31011.95692,3214.285714,10,14.28571429,22339.45436
748.4947075,137.9667214,14121.67349,29272.22167,3357.142857,10,17.5,25512.13883
716.6040018,141.9756666,14124.11618,29999.89436,3214.285714,10,15.35714286,23101.6691
673.1361201,124.3027686,8544.816154,22015.23753,3357.142857,17.5,23.92857143,34878.96611
609.9836758,150.256433,8348.01821,33066.57054,3285.714286,13.75,10,20901.54713
513.242495,132.5140942,5557.038149,26241.21485,2642.857143,17.5,16.42857143,22552.11162
547.1236553,140.2234161,6595.440065,30625.87001,3142.857143,21.25,11.07142857,22427.37281
677.3901338,135.1548195,11441.98987,28527.71467,2928.571429,10,19.64285714,22414.31004
614.4350749,143.3706099,8227.565823,31000.93185,3500,17.5,11.07142857,24677.64774
504.6031809,131.1530458,5289.870375,26607.14016,2928.571429,25,14.28571429,24787.51771
524.4225255,146.5901373,5997.149992,32382.17106,2928.571429,17.5,10,19311.78721
512.441507,129.898274,4906.170553,25202.68663,2928.571429,25,15.35714286,26131.31427
495.7595388,141.3453169,5695.2493,29133.96751,2571.428571,13.75,13.21428571,19271.52344
569.6149768,123.6691657,5028.734958,22375.01393,2857.142857,17.5,25,29320.8126
468.0406335,137.284307,4905.039762,30699.75682,2785.714286,25,11.07142857,20178.2137
691.9443323,131.3624144,10905.60798,27334.16304,3071.428571,10,22.85714286,24882.72303
554.986918,146.8500398,7149.335646,31874.07966,3000,13.75,11.07142857,20281.79157
732.6441221,126.8825595,11311.68085,23943.24071,3428.571429,13.75,23.92857143,32490.74148
588.4096295,124.4988706,6915.126088,22671.54383,3214.285714,25,19.64285714,31988.72023
657.7349017,121.5720176,8236.617887,20883.73213,3357.142857,25,22.85714286,36794.00928
526.886595,133.094969,5796.698966,26886.05588,3000,21.25,14.28571429,24892.32609
551.7625078,138.3140009,6232.383357,27905.63918,3071.428571,17.5,13.21428571,24111.58299
496.0664917,137.5909373,4983.829097,29252.7357,2857.142857,21.25,12.14285714,21365.8446
526.5147845,127.2479031,5420.325463,24012.35017,2714.285714,21.25,18.57142857,25192.42799
543.5167382,139.0655255,7318.463542,28597.92063,2714.285714,13.75,14.28571429,20741.40084
619.6722159,144.0139529,10867.51617,31011.95692,2928.571429,10,14.28571429,20353.72509
674.4103847,124.1757125,8819.915637,22222.08554,3285.714286,21.25,21.78571429,33374.4877
652.4510113,141.9756666,11683.74192,29999.89436,2928.571429,10,15.35714286,21048.18741
500.3540686,126.3036276,4296.598628,23183.49958,2714.285714,21.25,19.64285714,26437.95338
711.9593712,126.5105881,10086.54748,23022.57314,3428.571429,17.5,21.78571429,33491.56379
685.7872785,123.6691657,7419.806475,22375.01393,3428.571429,17.5,25,35184.97512
659.7871843,128.2370666,8300.997299,24075.94001,3285.714286,17.5,19.64285714,30460.08642
492.5273587,141.0263122,5089.531231,32006.19475,2928.571429,25,10,19899.38622
665.3041586,129.6628329,9262.594974,24562.2912,3285.714286,17.5,18.57142857,29640.11531
595.3230032,134.1496085,8226.688608,26444.10148,2857.142857,13.75,17.5,24349.64896
618.6186913,135.1548195,9622.791453,28527.71467,2642.857143,10,19.64285714,20227.54809
647.3994357,133.691223,8998.709247,29400.27912,3214.285714,10,20.71428571,25047.48152
685.5760203,137.9667214,11845.30325,29272.22167,3071.428571,10,17.5,23340.89297
562.4392388,143.3706099,6905.250447,31000.93185,3214.285714,17.5,11.07142857,22663.14589
585.1664507,124.1757125,6577.443661,22222.08554,2857.142857,21.25,21.78571429,29021.29365
606.0622329,141.3453169,8389.567106,29133.96751,3142.857143,13.75,13.21428571,23554.08421
453.9053773,131.1530458,4376.744345,26607.14016,2642.857143,25,14.28571429,22369.2233
595.7854921,137.5909373,7278.830477,29252.7357,3428.571429,21.25,12.14285714,25639.01353
466.171988,129.898274,4289.963464,25202.68663,2642.857143,25,15.35714286,23581.91776
522.0859685,133.7753228,5420.711929,27229.95689,3071.428571,25,13.21428571,25468.60914
471.9797553,146.5901373,4759.281017,32382.17106,2642.857143,17.5,10,17427.71041
514.5490544,123.6691657,4184.101835,22375.01393,2571.428571,17.5,25,26388.73133
565.7269974,127.879848,6544.757482,24106.8701,2571.428571,13.75,22.85714286,23902.98537
628.2874161,131.3624144,8972.175257,27334.16304,2785.714286,10,22.85714286,22568.05113
500.1662333,146.8500398,5830.217292,31874.07966,2714.285714,13.75,11.07142857,18350.19238
499.8913612,138.3140009,5044.343031,27905.63918,2785.714286,17.5,13.21428571,21868.64504
479.6332236,133.094969,4694.105527,26886.05588,2714.285714,21.25,14.28571429,22521.62836
447.9007167,137.5909373,4034.063161,29252.7357,2571.428571,21.25,12.14285714,19229.26014
596.2899981,129.6952859,7079.037352,27542.61156,2857.142857,10,25,23426.20115
563.8112403,140.9115207,6805.220732,29965.52173,3142.857143,17.5,12.14285714,23080.79902
509.2169417,126.94368,5746.248134,24715.74748,2642.857143,17.5,20.71428571,25014.15159
607.9225314,126.3036276,6338.331973,23183.49958,3285.714286,21.25,19.64285714,32003.8383
712.6684247,134.1496085,11746.46002,26444.10148,3428.571429,13.75,17.5,29219.57876
520.9471216,128.6388998,5771.141402,24317.50748,2857.142857,21.25,17.5,26853.2956
708.1537263,123.8243102,9788.715679,21498.54512,3428.571429,21.25,22.85714286,35873.22355
645.1385352,146.4284721,11515.84408,31267.31035,3071.428571,10,13.21428571,21026.76608
560.509868,144.0139529,8889.207167,31011.95692,2642.857143,10,14.28571429,18367.99581
604.1639824,120.7074118,6970.8915,20621.80798,3071.428571,25,23.92857143,34493.20488
670.3588089,126.8825595,9567.484317,23943.24071,3142.857143,13.75,23.92857143,29783.17969
438.1971206,141.0263122,4150.433147,32006.19475,2642.857143,25,10,17957.98269
558.2292298,124.3027686,5903.098084,22015.23753,2785.714286,17.5,23.92857143,28942.12082
534.0722576,134.1496085,6558.187306,26444.10148,2571.428571,13.75,17.5,21914.68407
512.990926,143.3706099,5754.793435,31000.93185,2928.571429,17.5,11.07142857,20648.64403
529.1058914,123.8243102,5396.532027,21498.54512,2571.428571,21.25,22.85714286,26904.91765
623.345309,137.9667214,9863.158602,29272.22167,2785.714286,10,17.5,21169.64712
589.6874154,133.691223,7461.313413,29400.27912,2928.571429,10,20.71428571,22821.03872
474.6880539,135.4022775,4741.268832,29465.62532,2785.714286,25,12.14285714,20986.58965
473.0231931,133.7753228,4525.503984,27229.95689,2785.714286,25,13.21428571,23099.4362
683.8776,126.129981,10082.02048,24267.24485,3214.285714,13.75,25,30296.94587
656.9887661,125.1044344,8379.791764,22207.04055,3142.857143,17.5,22.85714286,32009.95591
652.9758846,126.5105881,8456.350086,23022.57314,3142.857143,17.5,21.78571429,30700.60014
607.6728969,146.8500398,8627.238184,31874.07966,3285.714286,13.75,11.07142857,22213.39077
675.5840628,130.2873154,10463.55982,27206.31656,3071.428571,10,23.92857143,25280.62087
485.0739616,124.4988706,4651.608306,22671.54383,2642.857143,25,19.64285714,26301.83664
578.025913,133.094969,6888.784768,26886.05588,3285.714286,21.25,14.28571429,27263.02382
624.1718181,128.6388998,8329.634426,24317.50748,3428.571429,21.25,17.5,32223.95473
550.5339011,137.5909373,6123.436898,29252.7357,3142.857143,21.25,12.14285714,23502.42906
603.6042846,131.8787253,7709.382171,25770.05092,3285.714286,21.25,15.35714286,28471.27317
461.959482,124.045491,4147.133648,22972.63175,2642.857143,25,20.71428571,27133.68831
625.8872551,140.9115207,8229.798041,29965.52173,3500,17.5,12.14285714,25703.61709
548.7379218,121.5720176,5726.752274,20883.73213,2785.714286,25,22.85714286,30531.19919
469.0253684,128.6388998,4686.225882,24317.50748,2571.428571,21.25,17.5,24167.96604
585.1437167,146.4284721,9519.781367,31267.31035,2785.714286,10,13.21428571,19070.78784
676.1483032,128.2370666,8528.729342,24075.94001,3357.142857,17.5,19.64285714,31122.26221
642.8924632,124.1757125,8009.711948,22222.08554,3142.857143,21.25,21.78571429,31923.42301
644.3162131,123.8243102,8062.228525,21498.54512,3142.857143,21.25,22.85714286,32883.78825
531.348779,133.691223,5993.60543,29400.27912,2642.857143,10,20.71428571,20594.59592
463.7148395,143.3706099,4705.180115,31000.93185,2642.857143,17.5,11.07142857,18634.14218
722.633915,125.1044344,10349.27505,22207.04055,3500,17.5,22.85714286,35647.4509
505.1882403,128.2370666,4846.902091,24075.94001,2500,17.5,19.64285714,23176.15271
557.5541731,143.5558166,6608.235677,32221.79203,3285.714286,21.25,10,21967.71718
621.9447986,126.129981,7998.073733,24267.24485,2928.571429,13.75,25,27603.88402
616.2191134,130.2873154,8777.636991,27206.31656,2785.714286,10,23.92857143,22928.93522
611.8126739,135.6490871,8317.225688,27543.52447,3357.142857,17.5,14.28571429,27027.79472
648.2946772,134.3097339,8967.609472,26189.6396,3357.142857,17.5,15.35714286,28262.07804
576.0060914,140.9115207,7094.745316,29965.52173,3214.285714,17.5,12.14285714,23605.36263
607.9604359,125.4165203,7608.803424,23454.90595,3285.714286,21.25,20.71428571,33262.26499
681.3536914,131.0008454,9454.517355,24876.04477,3500,17.5,17.5,31914.36682
480.4361745,134.3097339,4991.199316,26189.6396,2500,17.5,15.35714286,21046.22833
672.0840447,125.1044344,8729.846451,22207.04055,3214.285714,17.5,22.85714286,32737.45491
758.0727622,136.4427685,13668.04975,28918.31617,3357.142857,10,18.57142857,25150.22522
784.069256,135.1548195,15351.9354,28527.71467,3357.142857,10,19.64285714,25694.45297
563.9282815,126.129981,6791.222093,24267.24485,2642.857143,13.75,25,24910.82216
632.2077302,144.1463653,9408.946867,30770.75147,3285.714286,13.75,12.14285714,23103.62129
702.3732268,137.0555397,11499.87366,27588.21835,3428.571429,13.75,15.35714286,27294.13595
602.6419487,146.5901373,7916.910176,32382.17106,3357.142857,17.5,10,22137.90241
613.8355018,131.8787253,8017.688763,25770.05092,3357.142857,21.25,15.35714286,29090.21388
537.6071906,128.65626,5875.021008,24898.72652,3000,25,16.42857143,27213.2915
789.3926823,131.3624144,14171.43414,27334.16304,3500,10,22.85714286,28354.7309
580.128664,135.1548195,8366.287702,28527.71467,2500,10,19.64285714,19134.16711
542.3109097,135.6363914,6110.799946,27840.50955,3142.857143,21.25,13.21428571,25353.42367
521.0398047,140.9115207,5709.997182,29965.52173,2928.571429,17.5,12.14285714,21507.10818
630.3794275,138.3140009,8228.158077,27905.63918,3500,17.5,13.21428571,27475.98992
455.7155609,131.8787253,4406.951279,25770.05092,2500,21.25,15.35714286,21662.92523
626.3384675,131.0008454,8121.281483,24876.04477,3214.285714,17.5,17.5,29309.11238
645.7140585,126.94368,9145.857723,24715.74748,3357.142857,17.5,20.71428571,31774.73309
592.1918844,134.3097339,7544.093556,26189.6396,3071.428571,17.5,15.35714286,25856.7948
716.8072567,144.0139529,14719.01712,31011.95692,3357.142857,10,14.28571429,23332.319
668.5067011,149.4263515,12990.61493,32867.37081,3214.285714,10,12.14285714,20830.27984
647.9786009,139.9679771,10563.49528,30166.22608,3000,10,16.42857143,21650.38579
638.2768419,122.6993036,8032.435809,21287.88035,3142.857143,21.25,23.92857143,33673.63998
604.1772918,125.1044344,6872.080671,22207.04055,2928.571429,17.5,22.85714286,29827.45892
481.2095731,126.94368,5188.952833,24715.74748,2500,17.5,20.71428571,23662.03528
606.1384711,135.6363914,7618.163479,27840.50955,3500,21.25,13.21428571,28234.49454
672.3094236,128.7305611,9758.785623,24687.64865,3000,13.75,21.78571429,27105.73943
485.3307825,128.65626,4718.463697,24898.72652,2714.285714,25,16.42857143,24621.54945
602.1215788,130.4583259,7573.972928,25557.94496,2857.142857,13.75,19.64285714,24761.72038
719.0916458,132.6910841,11124.27111,27753.61312,3214.285714,10,21.78571429,25538.41468
657.5367403,127.879848,8863.246113,24106.8701,3000,13.75,22.85714286,27886.81627
724.5029951,131.3624144,11894.96232,27334.16304,3214.285714,10,22.85714286,26040.05899
713.1266586,135.1548195,12978.58664,28527.71467,3071.428571,10,19.64285714,23507.69101
601.4656242,123.6691657,5761.309546,22375.01393,3000,17.5,25,30786.85323
695.0107767,136.4427685,12091.25012,28918.31617,3071.428571,10,18.57142857,23009.78052
641.0766512,137.0555397,9702.89113,27588.21835,3142.857143,13.75,15.35714286,25019.62462
473.0464775,140.9115207,4761.965096,29965.52173,2642.857143,17.5,12.14285714,19408.85372
647.748635,135.7969556,9470.059138,27466.15396,3142.857143,13.75,16.42857143,25309.78026
528.592616,131.1530458,5807.006744,26607.14016,3071.428571,25,14.28571429,25996.66491
620.5138147,125.4165203,7804.203339,23454.90595,3357.142857,21.25,20.71428571,33985.3577
549.3787283,146.5901373,6639.982956,32382.17106,3071.428571,17.5,10,20253.8256
578.789948,138.3140009,6896.724386,27905.63918,3214.285714,17.5,13.21428571,25233.05196
570.5992877,131.0008454,6660.721451,24876.04477,2928.571429,17.5,17.5,26703.85795
536.162312,134.3097339,6087.025692,26189.6396,2785.714286,17.5,15.35714286,23451.51157
704.9073615,122.6993036,9777.627293,21287.88035,3500,21.25,23.92857143,37500.18998
461.7281479,125.4165203,4309.783446,23454.90595,2500,21.25,20.71428571,25308.2451
583.2967263,139.9679771,8609.404928,30166.22608,2714.285714,10,16.42857143,19588.44428
716.5119334,130.4583259,11123.73653,25557.94496,3428.571429,13.75,19.64285714,29714.06446
545.6446083,125.1044344,5543.204233,22207.04055,2642.857143,17.5,22.85714286,26917.46293
563.3871463,127.2479031,6206.550354,24012.35017,2857.142857,21.25,18.57142857,26518.34525
631.1348947,125.8986409,7524.929843,23542.01672,3357.142857,25,18.57142857,32159.97526
656.4505828,144.0139529,12307.28407,31011.95692,3071.428571,10,14.28571429,21346.58972
643.0192464,124.3027686,7642.756899,22015.23753,3214.285714,17.5,23.92857143,33394.75478
685.7843885,141.9756666,12942.26597,29999.89436,3071.428571,10,15.35714286,22074.92825
569.1673936,139.0655255,7977.976679,28597.92063,2857.142857,13.75,14.28571429,21833.05352
606.9251389,121.8210483,6334.810226,21473.49549,3000,21.25,25,32347.43056
583.7963168,150.256433,7592.849017,33066.57054,3142.857143,13.75,10,19992.78421
543.0286694,123.6691657,4653.508337,22375.01393,2714.285714,17.5,25,27854.77197
558.8215375,135.6363914,6541.906347,27840.50955,3214.285714,21.25,13.21428571,25929.63784
607.3422806,128.7305611,7903.517802,24687.64865,2714.285714,13.75,21.78571429,24524.24043
629.4491653,136.4427685,9741.352709,28918.31617,2785.714286,10,18.57142857,20869.33583
556.396027,132.4598193,6740.980061,26082.82178,2571.428571,13.75,18.57142857,21648.91906
652.1094418,135.1548195,10623.94102,28527.71467,2785.714286,10,19.64285714,21320.92907
715.1346793,135.7969556,11476.94625,27466.15396,3500,13.75,16.42857143,28185.89166
660.7601296,131.3624144,9969.585782,27334.16304,2928.571429,10,22.85714286,23725.38708
590.8583645,127.879848,7127.633415,24106.8701,2714.285714,13.75,22.85714286,25230.929
544.2597997,130.4583259,6097.312714,25557.94496,2571.428571,13.75,19.64285714,22285.54834
443.6995953,137.284307,4362.45775,30699.75682,2642.857143,25,11.07142857,19143.43351
658.0521578,132.6910841,9157.544387,27753.61312,2928.571429,10,21.78571429,23268.33338
498.8961576,146.5901373,5325.754431,32382.17106,2785.714286,17.5,10,18369.74881
479.304493,131.1530458,4804.724775,26607.14016,2785.714286,25,14.28571429,23578.3705
525.9007278,138.3140009,5663.831137,27905.63918,2928.571429,17.5,13.21428571,22990.11402
456.3309935,130.7090679,4354.483228,25256.13389,2500,21.25,16.42857143,22257.74154
666.2146273,127.2479031,8750.290442,24012.35017,3428.571429,21.25,18.57142857,31822.01431
647.9454419,129.6585512,9515.370375,26207.80935,3142.857143,13.75,20.71428571,27785.16197
516.8553797,131.0008454,5439.517413,24876.04477,2642.857143,17.5,17.5,24098.60352
561.5086698,124.4988706,6289.600552,22671.54383,3071.428571,25,19.64285714,30566.99933
681.5486505,139.0655255,11304.83782,28597.92063,3428.571429,13.75,14.28571429,26199.66423
553.3289871,149.4263515,8957.814502,32867.37081,2642.857143,10,12.14285714,17127.11898
635.0399013,126.3036276,6944.642063,23183.49958,3428.571429,21.25,19.64285714,33395.30954
580.9564828,140.2234161,7362.788071,30625.87001,3357.142857,21.25,11.07142857,23956.51186
513.6282001,139.0655255,6454.113067,28597.92063,2571.428571,13.75,14.28571429,19649.74816
533.3987607,126.94368,6412.458644,24715.74748,2785.714286,17.5,20.71428571,26366.26789
590.7739951,124.3027686,6546.282202,22015.23753,2928.571429,17.5,23.92857143,30426.33214
564.5082961,134.1496085,7322.01681,26444.10148,2714.285714,13.75,17.5,23132.16652
592.5110643,144.0139529,10007.0845,31011.95692,2785.714286,10,14.28571429,19360.86045
432.9851433,140.2234161,4163.72938,30625.87001,2500,21.25,11.07142857,17839.95564
636.2461449,129.6628329,8539.765236,24562.2912,3142.857143,17.5,18.57142857,28351.41464
504.5664022,135.6363914,5329.629042,27840.50955,2928.571429,21.25,13.21428571,23624.78115
717.1438382,127.879848,10626.90444,24106.8701,3285.714286,13.75,22.85714286,30542.70353
592.1562283,132.6910841,7615.223706,27753.61312,2642.857143,10,21.78571429,20998.25208
617.0666952,122.5079141,7325.730352,21669.18524,3214.285714,25,21.78571429,33814.2085
662.3157126,135.7969556,9798.2342,27466.15396,3214.285714,13.75,16.42857143,25885.00254
537.6090094,143.3706099,6272.333217,31000.93185,3071.428571,17.5,11.07142857,21655.89496
631.0012461,146.8500398,9254.413266,31874.07966,3428.571429,13.75,11.07142857,23179.19037
474.2347698,138.3140009,4616.165345,27905.63918,2642.857143,17.5,13.21428571,20747.17606
562.1526338,130.7090679,6596.720208,25256.13389,3071.428571,21.25,16.42857143,27345.22532
569.7417431,120.0991247,6096.272602,20791.94482,2928.571429,25,25,32797.90541
511.7672497,124.4988706,5196.604633,22671.54383,2785.714286,25,19.64285714,27723.55754
590.4270034,122.6993036,6946.268929,21287.88035,2928.571429,21.25,23.92857143,31377.70999
682.7718754,134.1496085,10880.26739,26444.10148,3285.714286,13.75,17.5,28002.09631
536.5519461,124.3027686,5272.466515,22015.23753,2642.857143,17.5,23.92857143,27457.90949
579.5484741,126.3036276,5712.376069,23183.49958,3142.857143,21.25,19.64285714,30612.36707
614.9614731,127.2479031,7444.489447,24012.35017,3142.857143,21.25,18.57142857,29170.17978
623.6550695,139.0655255,9583.782688,28597.92063,3142.857143,13.75,14.28571429,24016.35887
706.2025962,129.6628329,10506.16121,24562.2912,3500,17.5,18.57142857,31573.16631
647.3601995,141.3453169,9625.971918,29133.96751,3357.142857,13.75,13.21428571,25160.04449
703.8730323,128.2370666,9283.87327,24075.94001,3500,17.5,19.64285714,32446.6138
534.8093548,140.2234161,6347.255267,30625.87001,3071.428571,21.25,11.07142857,21917.65978
679.9599032,123.8243102,8907.925062,21498.54512,3285.714286,21.25,22.85714286,34378.5059
458.1813729,135.6363914,4348.172497,27840.50955,2642.857143,21.25,13.21428571,21319.92445
562.7878841,122.5079141,6176.730974,21669.18524,2928.571429,25,21.78571429,30808.50109
603.9755913,135.7969556,8150.335627,27466.15396,2928.571429,13.75,16.42857143,23584.11343
488.1899127,143.3706099,5231.084869,31000.93185,2785.714286,17.5,11.07142857,19641.3931
482.8891432,141.3453169,5367.583392,29133.96751,2500,13.75,13.21428571,18736.20335
509.91389,130.7090679,5460.65452,25256.13389,2785.714286,21.25,16.42857143,24801.48343
718.1399002,126.8825595,10935.19372,23943.24071,3357.142857,13.75,23.92857143,31813.85103
600.3034764,140.9115207,7546.146572,29965.52173,3357.142857,17.5,12.14285714,24654.48986
580.9150374,146.8500398,7842.253906,31874.07966,3142.857143,13.75,11.07142857,21247.59117
511.6601951,120.0991247,5043.774021,20791.94482,2642.857143,25,25,29598.10975
555.8903288,133.094969,6354.835082,26886.05588,3142.857143,21.25,14.28571429,26077.67495
536.2939949,122.6993036,5811.525789,21287.88035,2642.857143,21.25,23.92857143,28316.46998
674.9663797,134.3097339,9802.617829,26189.6396,3500,17.5,15.35714286,29464.71966
531.3966064,126.8825595,6115.928191,23943.24071,2500,13.75,23.92857143,23691.16566
695.0710632,126.5105881,9655.435693,23022.57314,3357.142857,17.5,21.78571429,32793.82287
649.7681183,129.6628329,8885.489272,24562.2912,3214.285714,17.5,18.57142857,28995.76497
701.4982468,125.1044344,9684.563355,22207.04055,3357.142857,17.5,22.85714286,34192.4529
483.5400096,140.2234161,5181.869947,30625.87001,2785.714286,21.25,11.07142857,19878.80772
649.137558,128.2370666,7940.440396,24075.94001,3214.285714,17.5,19.64285714,29797.91063
507.9371433,122.5079141,4946.723609,21669.18524,2642.857143,25,21.78571429,27802.79366
543.7902728,135.7969556,6612.4114,27466.15396,2642.857143,13.75,16.42857143,21283.22431
509.4277716,135.4022775,5468.038052,29465.62532,3000,25,12.14285714,22600.94269
587.7473209,137.5909373,7098.118315,29252.7357,3357.142857,21.25,12.14285714,25104.86741
592.8682223,141.3453169,8053.892432,29133.96751,3071.428571,13.75,13.21428571,23018.76411
520.7913844,126.5105881,5418.674188,23022.57314,2500,17.5,21.78571429,24420.93193
524.0758563,125.1044344,5456.903141,22207.04055,2500,17.5,22.85714286,25462.46493
585.2504703,135.6490871,7621.576629,27543.52447,3214.285714,17.5,14.28571429,25877.67579
654.0865775,131.0008454,8742.628965,24876.04477,3357.142857,17.5,17.5,30611.7396
548.8153646,140.9115207,6349.244092,29965.52173,3071.428571,17.5,12.14285714,22556.23541
694.4577279,123.8243102,9513.518521,21498.54512,3357.142857,21.25,22.85714286,35125.86472
581.3647931,120.7074118,6453.768715,20621.80798,3000,25,23.92857143,33691.03733
631.3295435,146.4284721,10998.63728,31267.31035,3000,10,13.21428571,20537.77152
488.9697409,150.256433,5404.172983,33066.57054,2642.857143,13.75,10,16812.11399
591.3645008,129.6628329,7347.08104,24562.2912,2928.571429,17.5,18.57142857,26418.36365
586.5055768,128.2370666,6570.483539,24075.94001,2928.571429,17.5,19.64285714,27149.20747
676.3465957,126.94368,10237.7513,24715.74748,3500,17.5,20.71428571,33126.8494
514.971567,123.8243102,5178.725669,21498.54512,2500,21.25,22.85714286,26157.55884
538.1599563,141.3453169,6708.342098,29133.96751,2785.714286,13.75,13.21428571,20877.48373
600.2698683,143.5558166,7632.115341,32221.79203,3500,21.25,10,23400.39438
637.6867518,126.5105881,8153.61917,23022.57314,3071.428571,17.5,21.78571429,30002.85922
647.6116466,132.4598193,8945.821692,26082.82178,3000,13.75,18.57142857,25257.07224
633.3312906,130.4583259,8307.419368,25557.94496,3000,13.75,19.64285714,25999.8064
729.1592342,136.4427685,13085.85283,28918.31617,3214.285714,10,18.57142857,24080.00287
426.5509214,141.0263122,3873.126011,32006.19475,2571.428571,25,10,17472.6318
642.1639133,125.1044344,8047.366196,22207.04055,3071.428571,17.5,22.85714286,31282.45691
596.4137502,127.0233504,7123.57383,23824.29861,3357.142857,25,17.5,32500.3739
460.9181791,133.7753228,4217.991915,27229.95689,2714.285714,25,13.21428571,22507.14296
662.220348,130.2873154,10215.81508,27206.31656,3000,10,23.92857143,24692.69946
604.146884,144.1463653,8564.299285,30770.75147,3142.857143,13.75,12.14285714,22099.11602
612.4800247,128.6388998,7930.439288,24317.50748,3357.142857,21.25,17.5,31552.62233
566.7894663,133.094969,6659.08139,26886.05588,3214.285714,21.25,14.28571429,26670.34938
511.8352069,128.65626,5287.526372,24898.72652,2857.142857,25,16.42857143,25917.42047
533.8980016,135.6490871,6368.580885,27543.52447,2928.571429,17.5,14.28571429,23577.43795
564.4083341,134.3097339,6819.189793,26189.6396,2928.571429,17.5,15.35714286,24654.15319
498.2491211,140.9115207,5189.087667,29965.52173,2785.714286,17.5,12.14285714,20457.98095
647.5315074,125.4165203,8592.172827,23454.90595,3500,21.25,20.71428571,35431.54314
525.7452032,120.7074118,5130.256957,20621.80798,2714.285714,25,23.92857143,30482.3671
571.4634796,146.4284721,9055.278568,31267.31035,2714.285714,10,13.21428571,18581.79328
534.0450781,129.6628329,5990.868431,24562.2912,2642.857143,17.5,18.57142857,23840.96232
534.0281311,128.2370666,5399.539412,24075.94001,2642.857143,17.5,19.64285714,24500.5043
617.1240038,126.94368,8518.30084,24715.74748,3214.285714,17.5,20.71428571,30422.61679
610.3407686,139.9679771,9477.830613,30166.22608,2857.142857,10,16.42857143,20619.41504
550.0938519,143.5558166,6368.753673,32221.79203,3214.285714,21.25,10,21490.1581
580.0022367,135.6363914,6996.171331,27840.50955,3357.142857,21.25,13.21428571,27082.06619
587.3192696,132.4598193,7398.876244,26082.82178,2714.285714,13.75,18.57142857,22851.63679
583.2215492,125.1044344,6717.830321,22207.04055,2785.714286,17.5,22.85714286,28372.46093
661.3010634,125.8986409,8200.248018,23542.01672,3500,25,18.57142857,33528.48485
665.7596474,136.4427685,11029.14274,28918.31617,2928.571429,10,18.57142857,21939.55818
672.7836549,144.1463653,10770.14,30770.75147,3500,13.75,12.14285714,24610.3792
581.3440036,126.5105881,6770.206817,23022.57314,2785.714286,17.5,21.78571429,27211.89558
576.9061465,130.4583259,6851.412799,25557.94496,2714.285714,13.75,19.64285714,23523.63436
604.7451062,130.2873154,8533.383065,27206.31656,2714.285714,10,23.92857143,22341.0138
518.1427653,133.094969,5517.717934,26886.05588,2928.571429,21.25,14.28571429,24299.65166
431.8805164,135.6363914,3889.89492,27840.50955,2500,21.25,13.21428571,20167.4961
460.2872055,128.65626,4264.146436,24898.72652,2571.428571,25,16.42857143,23325.67842
624.6895543,127.879848,7893.880655,24106.8701,2857.142857,13.75,22.85714286,26558.87263
638.1145428,128.7305611,8704.311742,24687.64865,2857.142857,13.75,21.78571429,25814.98993
482.5805858,135.6490871,5152.95742,27543.52447,2642.857143,17.5,14.28571429,21277.2001
510.2727001,134.3097339,5555.904268,26189.6396,2642.857143,17.5,15.35714286,22248.86995
569.7149135,152.2252257,9325.37912,33780.48727,2857.142857,10,11.07142857,17916.24205
561.1269833,128.6388998,6745.493956,24317.50748,3071.428571,21.25,17.5,28867.29277
590.5708427,125.4165203,7174.770872,23454.90595,3214.285714,21.25,20.71428571,32539.17226
732.1549556,139.9679771,13594.58242,30166.22608,3428.571429,10,16.42857143,24743.29805
540.9852752,131.0008454,5977.803619,24876.04477,2785.714286,17.5,17.5,25401.23073
562.2806829,126.94368,7007.155531,24715.74748,2928.571429,17.5,20.71428571,27718.38419
504.2433604,122.6993036,5073.004703,21287.88035,2500,21.25,23.92857143,26785.84998
608.2673035,140.2234161,8107.443097,30625.87001,3500,21.25,11.07142857,24975.9379
764.4295147,128.7305611,12499.52192,24687.64865,3428.571429,13.75,21.78571429,30977.98792
712.1691991,132.4598193,10818.53312,26082.82178,3285.714286,13.75,18.57142857,27662.50769
754.1189396,127.879848,11632.03451,24106.8701,3428.571429,13.75,22.85714286,31870.64717
618.8280307,144.1463653,9082.526391,30770.75147,3214.285714,13.75,12.14285714,22601.36865
622.8590011,124.3027686,7260.047808,22015.23753,3071.428571,17.5,23.92857143,31910.54346
692.4189603,135.7969556,10725.95396,27466.15396,3357.142857,13.75,16.42857143,27035.4471
599.6471786,136.4427685,8727.781483,28918.31617,2642.857143,10,18.57142857,19799.11348
643.3192859,122.5079141,8017.435421,21669.18524,3357.142857,25,21.78571429,35317.06221
685.8888087,137.0555397,11032.72748,27588.21835,3357.142857,13.75,15.35714286,26725.50811
601.028208,125.8986409,6729.55805,23542.01672,3214.285714,25,18.57142857,30791.46568
687.706302,152.2252257,13536.39261,33780.48727,3428.571429,10,11.07142857,21499.49047
690.9601244,130.4583259,10137.64381,25557.94496,3285.714286,13.75,19.64285714,28475.97844
465.1609686,133.094969,4462.311373,26886.05588,2642.857143,21.25,14.28571429,21928.95394
480.0652717,131.8787253,4801.319321,25770.05092,2642.857143,21.25,15.35714286,22900.80668
586.432623,130.7090679,7137.703067,25256.13389,3214.285714,21.25,16.42857143,28617.09626
569.5646857,128.7305611,6956.724036,24687.64865,2571.428571,13.75,21.78571429,23233.49094
530.3227681,135.6363914,5826.739,27840.50955,3071.428571,21.25,13.21428571,24777.20949
621.4184387,132.6910841,8443.72287,27753.61312,2785.714286,10,21.78571429,22133.29273
513.0413375,137.0555397,6255.245958,27588.21835,2500,13.75,15.35714286,19901.97413
514.2809413,135.7969556,5880.860871,27466.15396,2500,13.75,16.42857143,20132.77975
508.4363003,128.6388998,5545.911594,24317.50748,2785.714286,21.25,17.5,26181.96321
540.1415943,125.4165203,6004.094391,23454.90595,2928.571429,21.25,20.71428571,29646.8014
655.2718143,139.0655255,10583.252,28597.92063,3285.714286,13.75,14.28571429,25108.01155
685.2483295,121.8210483,8347.272369,21473.49549,3428.571429,21.25,25,36968.49207
645.8558712,127.2479031,8220.807136,24012.35017,3285.714286,21.25,18.57142857,30496.09705
623.2203294,122.6993036,7727.719819,21287.88035,3071.428571,21.25,23.92857143,32908.32997
558.3679866,140.2234161,6799.150964,30625.87001,3214.285714,21.25,11.07142857,22937.08582
566.209721,144.1463653,7569.27816,30770.75147,2928.571429,13.75,12.14285714,20592.35811
675.6614094,141.3453169,10516.17382,29133.96751,3500,13.75,13.21428571,26230.68468
530.0079859,132.5140942,5956.527868,26241.21485,2714.285714,17.5,16.42857143,23161.62815
511.7298712,121.8210483,4640.448597,21473.49549,2571.428571,21.25,25,27726.36905
697.8959986,135.1548195,12422.05245,28527.71467,3000,10,19.64285714,22961.00053
627.8709592,123.6691657,6262.007093,22375.01393,3142.857143,17.5,25,32252.89386
483.5628132,135.6363914,4876.844625,27840.50955,2785.714286,21.25,13.21428571,22472.3528
536.070277,130.7090679,6017.5371,25256.13389,2928.571429,21.25,16.42857143,26073.35438
683.4405001,127.879848,9532.694652,24106.8701,3142.857143,13.75,22.85714286,29214.7599
629.7546123,137.0555397,9436.246016,27588.21835,3071.428571,13.75,15.35714286,24450.99678
694.5537004,129.6585512,10929.07622,26207.80935,3357.142857,13.75,20.71428571,29679.60483
516.5490279,131.1530458,5560.617304,26607.14016,3000,25,14.28571429,25392.09131
695.3599733,128.7305611,10426.99777,24687.64865,3142.857143,13.75,21.78571429,28396.48893
528.2763901,129.898274,5341.556028,25202.68663,3000,25,15.35714286,26768.6634
579.1957404,146.5901373,7298.360891,32382.17106,3214.285714,17.5,10,21195.864
589.4011895,122.5079141,6786.816367,21669.18524,3071.428571,25,21.78571429,32311.35479
632.3423643,135.7969556,8951.211754,27466.15396,3071.428571,13.75,16.42857143,24734.55798
480.5257567,137.284307,5158.58825,30699.75682,2857.142857,25,11.07142857,20695.6038
744.813215,126.8825595,11822.08633,23943.24071,3500,13.75,23.92857143,33167.63192
518.8769023,129.6585512,6185.139964,26207.80935,2500,13.75,20.71428571,22101.83338
535.9265244,120.0991247,5418.599833,20791.94482,2785.714286,25,25,31198.00758
562.4686402,122.6993036,6335.474211,21287.88035,2785.714286,21.25,23.92857143,29847.08998
507.4996345,140.2234161,5705.574471,30625.87001,2928.571429,21.25,11.07142857,20898.23375
640.080972,144.0139529,11744.86905,31011.95692,3000,10,14.28571429,20850.15741
669.4129252,141.9756666,12330.28339,29999.89436,3000,10,15.35714286,21561.55783
508.8415355,144.1463653,6105.183769,30770.75147,2642.857143,13.75,12.14285714,18583.34756
567.4072197,150.256433,7258.120763,33066.57054,3071.428571,13.75,10,19538.40275
620.674477,141.3453169,8806.096296,29133.96751,3214.285714,13.75,13.21428571,24089.4043
625.9388902,121.8210483,6975.525731,21473.49549,3142.857143,21.25,25,33887.7844
654.8609282,134.1496085,9941.463989,26444.10148,3142.857143,13.75,17.5,26784.61386
721.7316536,126.5105881,10490.53022,23022.57314,3500,17.5,21.78571429,34189.3047
503.881945,129.6628329,5427.307525,24562.2912,2500,17.5,18.57142857,22552.26165
631.2180837,135.1548195,9970.233403,28527.71467,2714.285714,10,19.64285714,20774.23857
482.7128075,130.7090679,4880.625505,25256.13389,2642.857143,21.25,16.42857143,23529.61249
533.0499624,122.5079141,5619.754023,21669.18524,2785.714286,25,21.78571429,29305.64737
572.3311128,135.7969556,7291.767938,27466.15396,2785.714286,13.75,16.42857143,22433.66887
609.2699253,137.5909373,7551.012982,29252.7357,3500,21.25,12.14285714,26173.15964
433.0802659,137.284307,4143.998173,30699.75682,2571.428571,25,11.07142857,18626.04341
643.8817257,131.3624144,9449.501496,27334.16304,2857.142857,10,22.85714286,23146.7191
635.5824729,129.6585512,9290.044737,26207.80935,3071.428571,13.75,20.71428571,27153.68101
689.4695785,126.8825595,10045.99228,23943.24071,3214.285714,13.75,23.92857143,30460.07013
657.9990706,127.2479031,8483.999184,24012.35017,3357.142857,21.25,18.57142857,31159.05567
624.1427306,126.3036276,6664.497765,23183.49958,3357.142857,21.25,19.64285714,32699.57391
714.3007213,149.4263515,14903.13132,32867.37081,3428.571429,10,12.14285714,22218.96516
524.0239104,124.045491,5267.79291,22972.63175,3000,25,20.71428571,30800.40294
458.516371,140.2234161,4706.855974,30625.87001,2642.857143,21.25,11.07142857,18859.38168
716.7326317,124.1757125,9877.933652,22222.08554,3500,21.25,21.78571429,35551.08472
487.6105536,127.2479031,4735.945954,24012.35017,2500,21.25,18.57142857,23203.5521
498.0111484,139.0655255,6135.165773,28597.92063,2500,13.75,14.28571429,19103.92183
461.3716328,126.3036276,3722.410972,23183.49958,2500,21.25,19.64285714,24350.74653
607.0312236,141.9756666,10128.72858,29999.89436,2714.285714,10,15.35714286,19508.07613
538.427285,149.4263515,8490.443758,32867.37081,2571.428571,10,12.14285714,16664.22387
519.534724,150.256433,6116.549129,33066.57054,2785.714286,13.75,10,17720.87691
564.0094761,141.3453169,7294.151916,29133.96751,2928.571429,13.75,13.21428571,21948.12392
619.9360343,129.6628329,8135.259173,24562.2912,3071.428571,17.5,18.57142857,27707.06431
643.2151105,123.6691657,6492.337803,22375.01393,3214.285714,17.5,25,32985.91417
668.6567198,126.5105881,9140.933652,23022.57314,3214.285714,17.5,21.78571429,31398.34105
454.5598163,141.0263122,4439.700346,32006.19475,2714.285714,25,10,18443.33357
618.8788847,128.2370666,7143.132482,24075.94001,3071.428571,17.5,19.64285714,28473.55904
616.6221894,146.8500398,8923.083061,31874.07966,3357.142857,13.75,11.07142857,22696.29057
639.8316743,137.9667214,10395.91692,29272.22167,2857.142857,10,17.5,21712.45858
605.446445,133.691223,7868.841126,29400.27912,3000,10,20.71428571,23377.64942
525.5261528,143.3706099,5951.327853,31000.93185,3000,17.5,11.07142857,21152.26949
591.1567931,133.094969,7164.771047,26886.05588,3357.142857,21.25,14.28571429,27855.69824
562.2668015,137.5909373,6443.740574,29252.7357,3214.285714,21.25,12.14285714,24036.57517
575.674235,129.898274,6342.206798,25202.68663,3285.714286,25,15.35714286,29318.05992
488.0291226,135.4022775,5005.927608,29465.62532,2857.142857,25,12.14285714,21524.70733
579.0097245,131.3624144,7614.685071,27334.16304,2571.428571,10,22.85714286,20832.04719
626.4228067,126.8825595,8254.421467,23943.24071,2928.571429,13.75,23.92857143,27752.50835
578.1702338,129.6585512,7742.566445,26207.80935,2785.714286,13.75,20.71428571,24627.7572
497.4823957,124.4988706,4908.609472,22671.54383,2714.285714,25,19.64285714,27012.69708
641.1693624,128.6388998,8879.467565,24317.50748,3500,21.25,17.5,32895.28711
440.7635942,133.094969,3999.252546,26886.05588,2500,21.25,14.28571429,20743.60508
473.9299326,124.045491,4340.100086,22972.63175,2714.285714,25,20.71428571,27867.03123
453.2849018,127.0233504,4050.445176,23824.29861,2571.428571,25,17.5,24893.90341
560.3530274,135.6490871,6989.569924,27543.52447,3071.428571,17.5,14.28571429,24727.55687
659.2978886,124.1757125,8518.602476,22222.08554,3214.285714,21.25,21.78571429,32648.95535
564.8788141,126.3036276,5513.725455,23183.49958,3071.428571,21.25,19.64285714,29916.63145
564.1832308,121.5720176,6153.466496,20883.73213,2857.142857,25,22.85714286,31314.05045
731.3694212,141.9756666,14722.03024,29999.89436,3285.714286,10,15.35714286,23615.03953
557.2346785,120.7074118,5884.98832,20621.80798,2857.142857,25,23.92857143,32086.70222
601.2930402,146.4284721,10069.21329,31267.31035,2857.142857,10,13.21428571,19559.7824
660.8231027,123.8243102,8396.123057,21498.54512,3214.285714,21.25,22.85714286,33631.14707
509.6411473,141.3453169,6001.995977,29133.96751,2642.857143,13.75,13.21428571,19806.84354
579.8104448,135.4022775,7151.453067,29465.62532,3428.571429,25,12.14285714,25829.6488
764.574161,137.9667214,14696.12895,29272.22167,3428.571429,10,17.5,26054.9503
582.3028526,133.7753228,6659.561178,27229.95689,3428.571429,25,13.21428571,28430.07532
562.9642649,129.6628329,6764.52336,24562.2912,2785.714286,17.5,18.57142857,25129.66298
608.7606924,126.5105881,7412.497707,23022.57314,2928.571429,17.5,21.78571429,28607.37741
559.2276604,128.2370666,5958.886486,24075.94001,2785.714286,17.5,19.64285714,25824.85588
551.2272078,141.0263122,6469.253498,32006.19475,3285.714286,25,10,22326.14064
585.8678194,123.6691657,5386.171875,22375.01393,2928.571429,17.5,25,30053.83292
476.7819632,143.3706099,4972.743218,31000.93185,2714.285714,17.5,11.07142857,19137.76764
573.4878882,137.9667214,8216.845946,29272.22167,2571.428571,10,17.5,19541.21272
547.8719984,133.691223,6469.661808,29400.27912,2714.285714,10,20.71428571,21151.20662
506.3286115,137.5909373,5165.036381,29252.7357,2928.571429,21.25,12.14285714,21899.99072
435.7758231,133.7753228,3738.680834,27229.95689,2571.428571,25,13.21428571,21322.55649
617.5120883,132.4598193,8220.289665,26082.82178,2857.142857,13.75,18.57142857,24054.35451
639.710445,126.129981,8571.564774,24267.24485,3000,13.75,25,28277.14948
568.215883,146.8500398,7527.957634,31874.07966,3071.428571,13.75,11.07142857,20764.69137
628.3683568,130.2873154,9196.696265,27206.31656,2857.142857,10,23.92857143,23516.85663
564.6044947,126.8825595,6778.222617,23943.24071,2642.857143,13.75,23.92857143,25044.94656
671.4593861,121.5720176,8643.395114,20883.73213,3428.571429,25,22.85714286,37576.86055
585.0425464,128.6388998,7306.214222,24317.50748,3214.285714,21.25,17.5,30209.95755
543.5767537,133.094969,6151.804163,26886.05588,3071.428571,21.25,14.28571429,25485.00052
559.6343321,131.8787253,6480.732645,25770.05092,3071.428571,21.25,15.35714286,26614.451
658.313172,155.8650042,12630.76127,34714.82646,3285.714286,10,10,19558.70035
660.2899866,120.7074118,8090.557914,20621.80798,3428.571429,25,23.92857143,38504.04266
720.9061797,146.4284721,14377.11134,31267.31035,3428.571429,10,13.21428571,23471.73888
676.5832891,135.7969556,10246.43645,27466.15396,3285.714286,13.75,16.42857143,26460.22482
507.8502218,135.6490871,5739.066756,27543.52447,2785.714286,17.5,14.28571429,22427.31902
602.0656236,123.8243102,7082.104827,21498.54512,2928.571429,21.25,22.85714286,30641.71178
513.6171819,126.3036276,4535.3585,23183.49958,2785.714286,21.25,19.64285714,27133.689
502.7485702,120.7074118,4716.187422,20621.80798,2571.428571,25,23.92857143,28878.03199
539.067023,146.4284721,8103.61709,31267.31035,2571.428571,10,13.21428571,17603.80416
740.8027377,132.4598193,11766.96951,26082.82178,3428.571429,13.75,18.57142857,28865.22542
548.4835465,126.5105881,6076.229011,23022.57314,2642.857143,17.5,21.78571429,25816.41375
535.5916752,123.6691657,4435.658485,22375.01393,2642.857143,17.5,25,27121.75166
647.0341535,144.1463653,9911.057214,30770.75147,3357.142857,13.75,12.14285714,23605.87393
754.7744913,130.2873154,13211.08776,27206.31656,3428.571429,10,23.92857143,28220.22796
659.5917713,133.691223,9473.5151,29400.27912,3285.714286,10,20.71428571,25604.09222
758.4591916,131.3624144,13060.47318,27334.16304,3357.142857,10,22.85714286,27197.39494
462.7063804,137.5909373,4331.705166,29252.7357,2642.857143,21.25,12.14285714,19763.40626
583.5546246,128.65626,6750.450229,24898.72652,3285.714286,25,16.42857143,29805.03355
521.8702151,143.5558166,5855.007482,32221.79203,3071.428571,21.25,10,20535.03996
575.6477272,126.129981,6966.507735,24267.24485,2714.285714,13.75,25,25584.08762
717.3291024,137.0555397,12053.12626,27588.21835,3500,13.75,15.35714286,27862.76378
534.9831125,133.7753228,5678.74244,27229.95689,3142.857143,25,13.21428571,26060.90238
481.8369336,144.1463653,5507.135553,30770.75147,2500,13.75,12.14285714,17578.84229
514.413324,146.8500398,5998.022058,31874.07966,2785.714286,13.75,11.07142857,18833.09218
568.254869,130.2873154,7562.728292,27206.31656,2571.428571,10,23.92857143,21165.17096
535.9171614,128.6388998,6132.953922,24317.50748,2928.571429,21.25,17.5,27524.628
492.4125505,133.094969,4975.684352,26886.05588,2785.714286,21.25,14.28571429,23114.3028
509.9062687,131.8787253,5559.326531,25770.05092,2785.714286,21.25,15.35714286,24138.68812
539.3308269,140.9115207,6174.638818,29965.52173,3000,17.5,12.14285714,22031.67179
539.9604628,124.1757125,5599.057797,22222.08554,2642.857143,21.25,21.78571429,26844.69663
546.282728,123.8243102,5715.627196,21498.54512,2642.857143,21.25,22.85714286,27652.27648
608.6231536,120.7074118,6883.270697,20621.80798,3142.857143,25,23.92857143,35295.37244
567.147745,125.4165203,6712.802802,23454.90595,3071.428571,21.25,20.71428571,31092.98683
703.231087,139.9679771,12627.6324,30166.22608,3285.714286,10,16.42857143,23712.3273
732.120194,128.7305611,11513.31048,24687.64865,3285.714286,13.75,21.78571429,29687.23843
695.2036892,126.129981,10426.40287,24267.24485,3285.714286,13.75,25,30970.21134
659.7335393,130.4583259,9287.063083,25557.94496,3142.857143,13.75,19.64285714,27237.89242
476.4813817,143.5558166,4831.374534,32221.79203,2785.714286,21.25,10,18624.80369
576.2008993,125.8986409,6306.557467,23542.01672,3071.428571,25,18.57142857,29422.95609
657.6225381,137.0555397,10133.7574,27588.21835,3214.285714,13.75,15.35714286,25588.25245
680.4460334,132.4598193,9992.590543,26082.82178,3142.857143,13.75,18.57142857,26459.78997
588.3254328,144.1463653,8054.288169,30770.75147,3071.428571,13.75,12.14285714,21596.86338
692.8025306,130.2873154,11329.68427,27206.31656,3142.857143,10,23.92857143,25868.54229
503.6625266,137.284307,5647.300334,30699.75682,3000,25,11.07142857,21730.38399
483.2889791,128.6388998,5071.052297,24317.50748,2642.857143,21.25,17.5,24839.29843
728.1228623,129.6585512,12174.35232,26207.80935,3500,13.75,20.71428571,30942.56674
486.5846049,140.9115207,4977.919154,29965.52173,2714.285714,17.5,12.14285714,19933.41734
514.5536271,125.4165203,5473.558633,23454.90595,2785.714286,21.25,20.71428571,28200.61597
584.6592128,131.0008454,6968.061703,24876.04477,3000,17.5,17.5,27355.17156
552.2412732,134.3097339,6523.509873,26189.6396,2857.142857,17.5,15.35714286,24052.83237
665.6147329,132.5140942,9438.999436,26241.21485,3428.571429,17.5,16.42857143,29256.79346
661.3386787,121.8210483,7555.838542,21473.49549,3285.714286,21.25,25,35428.13824
594.0239824,150.256433,7902.805251,33066.57054,3214.285714,13.75,10,20447.16566
535.4078983,144.1463653,6715.336287,30770.75147,2785.714286,13.75,12.14285714,19587.85284
599.5303977,137.0555397,8537.239953,27588.21835,2928.571429,13.75,15.35714286,23313.74112
499.0759547,132.5140942,5252.101213,26241.21485,2571.428571,17.5,16.42857143,21942.59509
456.5976766,137.284307,4644.082537,30699.75682,2714.285714,25,11.07142857,19660.8236
668.6633013,132.6910841,9679.397019,27753.61312,3000,10,21.78571429,23835.85371
644.8979999,136.4427685,10105.96385,28918.31617,2857.142857,10,18.57142857,21404.447
663.1851258,135.1548195,10956.05473,28527.71467,2857.142857,10,19.64285714,21867.61955
668.4331758,129.6585512,10296.14583,26207.80935,3214.285714,13.75,20.71428571,28416.64292
662.8982007,134.3097339,9341.134892,26189.6396,3428.571429,17.5,15.35714286,28863.39885
525.0003906,127.0233504,5622.55049,23824.29861,3000,25,17.5,29042.88732
489.7609793,131.1530458,4969.813025,26607.14016,2857.142857,25,14.28571429,24182.9441
539.5632282,138.3140009,5982.480022,27905.63918,3000,17.5,13.21428571,23550.8485
683.7391159,127.2479031,9293.549168,24012.35017,3500,21.25,18.57142857,32484.97294
530.6023174,131.0008454,5693.525944,24876.04477,2714.285714,17.5,17.5,24749.91712
645.1351396,126.3036276,7157.796059,23183.49958,3500,21.25,19.64285714,34091.04515
496.181109,134.3097339,5315.424013,26189.6396,2571.428571,17.5,15.35714286,21647.54913
565.7923899,149.4263515,9414.551636,32867.37081,2714.285714,10,12.14285714,17590.01408
673.3256203,123.6691657,7081.05562,22375.01393,3357.142857,17.5,25,34451.9548
745.8936219,128.7305611,11909.04995,24687.64865,3357.142857,13.75,21.78571429,30332.61317
669.6697789,130.4583259,9659.965524,25557.94496,3214.285714,13.75,19.64285714,27856.93543
604.8913171,124.3027686,6795.638176,22015.23753,3000,17.5,23.92857143,31168.4378
798.5096665,135.1548195,16282.4129,28527.71467,3428.571429,10,19.64285714,26241.14347
607.0230245,144.0139529,10406.06036,31011.95692,2857.142857,10,14.28571429,19857.29277
547.5902509,126.94368,6695.979555,24715.74748,2857.142857,17.5,20.71428571,27042.32604
637.2409823,141.9756666,11182.32978,29999.89436,2857.142857,10,15.35714286,20534.81698
543.4127586,137.0555397,7025.184993,27588.21835,2642.857143,13.75,15.35714286,21039.22979
615.2756562,146.5901373,8314.04944,32382.17106,3428.571429,17.5,10,22608.92161
589.5735891,131.1530458,7312.84546,26607.14016,3428.571429,25,14.28571429,29019.53293
600.111815,129.898274,6827.384736,25202.68663,3428.571429,25,15.35714286,30592.75817
610.1786146,132.5140942,7940.947256,26241.21485,3142.857143,17.5,16.42857143,26818.72733
519.6733483,135.6363914,5592.485288,27840.50955,3000,21.25,13.21428571,24200.99532
549.605889,137.284307,6789.423916,30699.75682,3285.714286,25,11.07142857,23799.94437
499.8613769,123.6691657,3957.100338,22375.01393,2500,17.5,25,25655.71102
580.377928,136.4427685,8046.795903,28918.31617,2571.428571,10,18.57142857,19264.0023
549.2252262,127.879848,6124.260922,24106.8701,2500,13.75,22.85714286,23239.01356
599.3213818,135.1548195,8952.993723,28527.71467,2571.428571,10,19.64285714,19680.85759
646.6257447,146.8500398,9811.363689,31874.07966,3500,13.75,11.07142857,23662.09017
555.6566252,128.7305611,6669.267491,24687.64865,2500,13.75,21.78571429,22588.11619
608.9058843,129.6585512,8398.2555,26207.80935,2928.571429,13.75,20.71428571,25890.71911
441.2953431,131.1530458,4081.116935,26607.14016,2571.428571,25,14.28571429,21764.64969
480.1623072,127.0233504,4581.02678,23824.29861,2714.285714,25,17.5,26276.89805
460.0135891,146.5901373,4667.794213,32382.17106,2571.428571,17.5,10,16956.6912
488.3097822,138.3140009,4870.292289,27905.63918,2714.285714,17.5,13.21428571,21307.91055
688.411351,124.1757125,9203.584674,22222.08554,3357.142857,21.25,21.78571429,34100.02003
635.498866,127.2479031,7945.559896,24012.35017,3214.285714,21.25,18.57142857,29833.13841
590.1156861,126.3036276,6039.889129,23183.49958,3214.285714,21.25,19.64285714,31308.10268
655.8472511,126.8825595,9048.214144,23943.24071,3071.428571,13.75,23.92857143,29106.28923
495.6850437,124.045491,4824.699199,22972.63175,2857.142857,25,20.71428571,29333.71709
684.1689977,149.4263515,13597.21201,32867.37081,3285.714286,10,12.14285714,21293.17495
573.9292931,155.8650042,9544.149681,34714.82646,2857.142857,10,10,17007.56552
663.3446482,126.94368,9677.839066,24715.74748,3428.571429,17.5,20.71428571,32450.79125
761.1765173,141.9756666,15824.85281,29999.89436,3428.571429,10,15.35714286,24641.78038
695.6212212,134.1496085,11270.81427,26444.10148,3357.142857,13.75,17.5,28610.83753
573.6041948,141.0263122,7078.271727,32006.19475,3428.571429,25,10,23296.84241
612.8802151,130.4583259,8020.399001,25557.94496,2928.571429,13.75,19.64285714,25380.76339
492.9086999,126.94368,5387.292736,24715.74748,2571.428571,17.5,20.71428571,24338.09343
500.7408919,121.8210483,4409.616993,21473.49549,2500,21.25,25,26956.19213
516.6379371,134.1496085,6158.111416,26444.10148,2500,13.75,17.5,21305.94285
544.3904117,124.3027686,5520.885397,22015.23753,2714.285714,17.5,23.92857143,28200.01515
576.7623758,141.9756666,9185.615127,29999.89436,2571.428571,10,15.35714286,18481.33528
545.9200863,144.0139529,8466.389653,31011.95692,2571.428571,10,14.28571429,17871.56349
609.0913956,137.9667214,9502.050315,29272.22167,2714.285714,10,17.5,20626.83565
615.7797968,123.6691657,5953.141266,22375.01393,3071.428571,17.5,25,31519.87354
470.5220549,135.6363914,4653.225047,27840.50955,2714.285714,21.25,13.21428571,21896.13862
670.4658182,127.879848,9361.686042,24106.8701,3071.428571,13.75,22.85714286,28550.78808
615.6321857,135.7969556,8591.526586,27466.15396,3000,13.75,16.42857143,24159.3357
594.4898529,146.8500398,8211.326706,31874.07966,3214.285714,13.75,11.07142857,21730.49097
576.5439667,133.691223,7140.746444,29400.27912,2857.142857,10,20.71428571,22264.42802
500.4593878,143.3706099,5406.975766,31000.93185,2857.142857,17.5,11.07142857,20145.01857
627.9738265,124.4988706,7902.213036,22671.54383,3428.571429,25,19.64285714,34121.30158
575.9390462,127.0233504,6828.436762,23824.29861,3285.714286,25,17.5,31808.87659
592.6267594,138.3140009,7302.88495,27905.63918,3285.714286,17.5,13.21428571,25793.78646
689.8377421,155.8650042,13843.34099,34714.82646,3428.571429,10,10,20409.07863
538.6844726,131.1530458,6011.262399,26607.14016,3142.857143,25,14.28571429,26601.23852
537.0535824,137.5909373,5854.061567,29252.7357,3071.428571,21.25,12.14285714,22968.28294
524.8392218,130.7090679,5790.724386,25256.13389,2857.142857,21.25,16.42857143,25437.4189
584.0710543,139.0655255,8349.786594,28597.92063,2928.571429,13.75,14.28571429,22378.87986
573.4855789,127.2479031,6471.432719,24012.35017,2928.571429,21.25,18.57142857,27181.30389
537.7473138,126.3036276,4998.109083,23183.49958,2928.571429,21.25,19.64285714,28525.16023
469.4791572,124.4988706,4307.386641,22671.54383,2571.428571,25,19.64285714,25590.97618
448.9753317,124.045491,3899.183225,22972.63175,2571.428571,25,20.71428571,26400.34537
594.6718914,126.8825595,7495.749203,23943.24071,2785.714286,13.75,23.92857143,26398.72745
554.4843652,130.4583259,6634.95466,25557.94496,2642.857143,13.75,19.64285714,22904.59135
667.1613426,124.3027686,8240.281697,22015.23753,3285.714286,17.5,23.92857143,34136.86045
626.879753,124.1757125,7659.945332,22222.08554,3071.428571,21.25,21.78571429,31197.89067
634.6172366,123.8243102,7688.284262,21498.54512,3071.428571,21.25,22.85714286,32136.42942
667.1993338,144.0139529,12678.70598,31011.95692,3142.857143,10,14.28571429,21843.02205
691.6706623,133.691223,10365.04857,29400.27912,3428.571429,10,20.71428571,26717.31363
598.0111176,143.3706099,7693.349872,31000.93185,3428.571429,17.5,11.07142857,24174.02228
701.6019891,141.9756666,13530.86085,29999.89436,3142.857143,10,15.35714286,22588.29868
636.9845893,134.1496085,9467.063822,26444.10148,3071.428571,13.75,17.5,26175.87263
494.6678756,140.2234161,5435.021125,30625.87001,2857.142857,21.25,11.07142857,20388.52073
557.116006,135.4022775,6673.443719,29465.62532,3285.714286,25,12.14285714,24753.41343
526.5473447,141.0263122,5935.275983,32006.19475,3142.857143,25,10,21355.43887
560.5207344,133.7753228,6245.797108,27229.95689,3285.714286,25,13.21428571,27245.48885
626.8621081,130.7090679,8173.155337,25256.13389,3428.571429,21.25,16.42857143,30524.90269
561.1694697,123.6691657,5011.160215,22375.01393,2785.714286,17.5,25,28587.79229
616.4917269,127.879848,7753.548488,24106.8701,2785.714286,13.75,22.85714286,25894.90082
521.799715,122.5079141,5329.387418,21669.18524,2714.285714,25,21.78571429,28554.22051
559.4265776,135.7969556,7021.964688,27466.15396,2714.285714,13.75,16.42857143,21858.44659
518.7214092,133.691223,5686.620452,29400.27912,2571.428571,10,20.71428571,20037.98521
540.5119531,146.8500398,6791.609356,31874.07966,2928.571429,13.75,11.07142857,19798.89178
451.6283607,143.3706099,4520.128537,31000.93185,2571.428571,17.5,11.07142857,18130.51671
481.0406828,137.5909373,4671.476271,29252.7357,2785.714286,21.25,12.14285714,20831.69849
608.4462662,126.129981,7773.130558,24267.24485,2857.142857,13.75,25,26930.61855
468.8787353,130.7090679,4531.156269,25256.13389,2571.428571,21.25,16.42857143,22893.67701
516.2511237,127.2479031,5251.611785,24012.35017,2642.857143,21.25,18.57142857,24529.46936
646.3534154,121.5720176,7974.871385,20883.73213,3285.714286,25,22.85714286,36011.15802
529.6216127,139.0655255,6872.900925,28597.92063,2642.857143,13.75,14.28571429,20195.57451
548.9746093,124.045491,5897.421273,22972.63175,3142.857143,25,20.71428571,32267.0888
485.9414575,126.3036276,4145.893307,23183.49958,2642.857143,21.25,19.64285714,25742.21777
689.8268638,146.4284721,13306.98261,31267.31035,3285.714286,10,13.21428571,22493.74976
571.9487535,124.4988706,6483.649312,22671.54383,3142.857143,25,19.64285714,31277.85978
638.2287403,120.7074118,7559.531075,20621.80798,3285.714286,25,23.92857143,36899.70755
640.8793303,139.0655255,10124.60139,28597.92063,3214.285714,13.75,14.28571429,24562.18521
573.113494,124.1757125,6331.607801,22222.08554,2785.714286,21.25,21.78571429,28295.76131
581.733491,134.1496085,7803.464902,26444.10148,2785.714286,13.75,17.5,23740.90774
576.0640117,123.8243102,6412.64012,21498.54512,2785.714286,21.25,22.85714286,29146.99413
608.9615411,129.6628329,7834.487757,24562.2912,3000,17.5,18.57142857,27062.71398
606.5548246,128.2370666,6794.795087,24075.94001,3000,17.5,19.64285714,27811.38325
730.0417975,126.129981,11113.61769,24267.24485,3428.571429,13.75,25,32316.74227
549.4267517,143.3706099,6611.373387,31000.93185,3142.857143,17.5,11.07142857,22159.52042
725.0598978,130.2873154,12249.21117,27206.31656,3285.714286,10,23.92857143,27044.38513
486.0421821,146.8500398,5443.428249,31874.07966,2642.857143,13.75,11.07142857,17867.29258
546.6389099,126.129981,6277.641616,24267.24485,2571.428571,13.75,25,24237.55669
545.4974119,135.6490871,6497.020484,27543.52447,3000,17.5,14.28571429,24152.49741
509.2381976,140.9115207,5602.485541,29965.52173,2857.142857,17.5,12.14285714,20982.54457
577.608605,134.3097339,7191.215096,26189.6396,3000,17.5,15.35714286,25255.47399
548.0312358,129.6628329,6363.9162,24562.2912,2714.285714,17.5,18.57142857,24485.31264
546.9920546,128.2370666,5610.97423,24075.94001,2714.285714,17.5,19.64285714,25162.68009
425.962376,135.4022775,3828.908679,29465.62532,2500,25,12.14285714,18834.11891
626.5140362,128.65626,8041.03298,24898.72652,3500,25,16.42857143,31748.84008
424.8720355,133.7753228,3613.438724,27229.95689,2500,25,13.21428571,20730.26325
588.9540322,126.5105881,6949.17959,23022.57314,2857.142857,17.5,21.78571429,27909.63649
597.6702665,125.1044344,6988.881063,22207.04055,2857.142857,17.5,22.85714286,29099.95992
666.5668755,126.129981,9098.023962,24267.24485,3142.857143,13.75,25,29623.68041
617.8442867,140.9115207,8149.997726,29965.52173,3428.571429,17.5,12.14285714,25179.05348
655.3472821,120.7074118,8009.319302,20621.80798,3357.142857,25,23.92857143,37701.8751
548.7985328,131.8787253,6356.645173,25770.05092,3000,21.25,15.35714286,25995.51028
704.6655796,146.4284721,13703.98968,31267.31035,3357.142857,10,13.21428571,22982.74432
495.6639368,135.6490871,5485.554862,27543.52447,2714.285714,17.5,14.28571429,21852.25956
462.2176731,140.9115207,4557.998465,29965.52173,2571.428571,17.5,12.14285714,18884.29011
525.48018,134.3097339,5910.813549,26189.6396,2714.285714,17.5,15.35714286,22850.19075
482.8085831,120.7074118,4342.998523,20621.80798,2500,25,23.92857143,28075.86444
525.1093577,146.4284721,7663.839261,31267.31035,2500,10,13.21428571,17114.8096
725.7698031,132.4598193,11309.7109,26082.82178,3357.142857,13.75,18.57142857,28263.86655
713.6698399,125.1044344,9958.926364,22207.04055,3428.571429,17.5,22.85714286,34919.95191
699.742341,130.4583259,10330.10038,25557.94496,3357.142857,13.75,19.64285714,29095.02145
574.9693952,126.94368,7378.54806,24715.74748,3000,17.5,20.71428571,28394.44234
781.5138489,128.7305611,12960.15751,24687.64865,3500,13.75,21.78571429,31623.36267
533.449283,126.5105881,5662.916045,23022.57314,2571.428571,17.5,21.78571429,25118.67284
767.7939879,127.879848,11913.73352,24106.8701,3500,13.75,22.85714286,32534.61898
527.5292822,130.4583259,5869.835432,25557.94496,2500,13.75,19.64285714,21666.50533
530.3405708,125.1044344,5210.153879,22207.04055,2571.428571,17.5,22.85714286,26189.96392
573.4089273,128.65626,6665.873601,24898.72652,3214.285714,25,16.42857143,29157.09803
512.1877403,143.5558166,5615.673216,32221.79203,3000,21.25,10,20057.4809
701.2631105,152.2252257,14073.23366,33780.48727,3500,10,11.07142857,21947.39651
488.9929487,146.5901373,5265.419601,32382.17106,2714.285714,17.5,10,17898.7296
495.2007461,131.8787253,5203.286925,25770.05092,2714.285714,21.25,15.35714286,23519.74739
644.4323257,132.6910841,8857.416259,27753.61312,2857.142857,10,21.78571429,22700.81305
664.1493091,131.0008454,9066.525925,24876.04477,3428.571429,17.5,17.5,31263.05321
666.2808566,139.0655255,10902.03187,28597.92063,3357.142857,13.75,14.28571429,25653.83788
632.368278,134.3097339,8541.077892,26189.6396,3285.714286,17.5,15.35714286,27660.75723
600.8516345,135.6490871,7975.212026,27543.52447,3285.714286,17.5,14.28571429,26452.73526
516.2518504,138.3140009,5471.990419,27905.63918,2857.142857,17.5,13.21428571,22429.37952
554.5500163,125.4165203,6364.649837,23454.90595,3000,21.25,20.71428571,30369.89412
694.7051153,139.9679771,12200.09352,30166.22608,3214.285714,10,16.42857143,23196.84192
730.7536887,134.1496085,12230.94409,26444.10148,3500,13.75,17.5,29828.31998
701.7638907,121.8210483,8685.404481,21473.49549,3500,21.25,25,37738.66899
501.6533808,131.0008454,5087.256044,24876.04477,2571.428571,17.5,17.5,23447.2899
523.30331,126.94368,6088.356227,24715.74748,2714.285714,17.5,20.71428571,25690.20973
715.1920473,128.7305611,10965.22728,24687.64865,3214.285714,13.75,21.78571429,29041.86367
663.5281979,132.4598193,9459.832206,26082.82178,3071.428571,13.75,18.57142857,25858.4311
705.4891091,127.879848,9922.706487,24106.8701,3214.285714,13.75,22.85714286,29878.73171
641.0484105,130.4583259,8794.573986,25557.94496,3071.428571,13.75,19.64285714,26618.84941
573.4928893,124.3027686,6091.971335,22015.23753,2857.142857,17.5,23.92857143,29684.22648
576.291038,144.1463653,7849.016947,30770.75147,3000,13.75,12.14285714,21094.61075
763.6343325,135.1548195,14387.59771,28527.71467,3285.714286,10,19.64285714,25147.76249
769.0482485,132.6910841,12930.32496,27753.61312,3428.571429,10,21.78571429,27240.97567
772.9118722,131.3624144,13558.50008,27334.16304,3428.571429,10,22.85714286,27776.06293
463.929707,143.5558166,4612.028762,32221.79203,2714.285714,21.25,10,18147.24462
645.9375855,152.2252257,11975.4971,33780.48727,3214.285714,10,11.07142857,20155.77231
588.5408377,146.5901373,7505.704291,32382.17106,3285.714286,17.5,10,21666.88321
616.3104003,138.3140009,7753.317767,27905.63918,3428.571429,17.5,13.21428571,26915.25543
565.6030417,131.1530458,6754.311373,26607.14016,3285.714286,25,14.28571429,27810.38572
493.8482255,135.6363914,5049.99382,27840.50955,2857.142857,21.25,13.21428571,23048.56697
547.0599291,130.7090679,6284.880694,25256.13389,3000,21.25,16.42857143,26709.28985
575.2088829,132.6910841,7201.598162,27753.61312,2571.428571,10,21.78571429,20430.73174
552.1141914,131.1530458,6355.62121,26607.14016,3214.285714,25,14.28571429,27205.81211
463.4349925,138.3140009,4447.942961,27905.63918,2571.428571,17.5,13.21428571,20186.44157
500.8398247,125.4165203,5223.530842,23454.90595,2714.285714,21.25,20.71428571,27477.52325
629.3190638,139.9679771,9879.069652,30166.22608,2928.571429,10,16.42857143,21134.90042
631.2326925,126.94368,8789.51545,24715.74748,3285.714286,17.5,20.71428571,31098.67495
651.4819674,132.5140942,9032.62294,26241.21485,3357.142857,17.5,16.42857143,28647.27692
667.5685725,134.1496085,10286.9525,26444.10148,3214.285714,13.75,17.5,27393.35508
611.0081484,139.0655255,9093.515897,28597.92063,3071.428571,13.75,14.28571429,23470.53253
657.0658362,149.4263515,12618.89263,32867.37081,3142.857143,10,12.14285714,20367.38473
697.6113352,124.3027686,8733.051209,22015.23753,3428.571429,17.5,23.92857143,35621.07178
580.2111953,122.6993036,6649.076726,21287.88035,2857.142857,21.25,23.92857143,30612.39998
611.0388521,131.0008454,7636.073111,24876.04477,3142.857143,17.5,17.5,28657.79878
522.0258865,140.2234161,6018.415073,30625.87001,3000,21.25,11.07142857,21407.94677
603.571966,127.2479031,7218.424129,24012.35017,3071.428571,21.25,18.57142857,28507.22114
699.1398424,144.0139529,13880.6139,31011.95692,3285.714286,10,14.28571429,22835.88669
652.5840441,128.7305611,9099.216632,24687.64865,2928.571429,13.75,21.78571429,26460.36469
473.0919805,128.65626,4467.656095,24898.72652,2642.857143,25,16.42857143,23973.61394
635.8269132,127.879848,8128.675023,24106.8701,2928.571429,13.75,22.85714286,27222.84445
602.1556463,132.4598193,7786.771475,26082.82178,2785.714286,13.75,18.57142857,23452.99565
512.0045871,125.8986409,4855.785215,23542.01672,2714.285714,25,18.57142857,26001.68213
513.9019508,124.3027686,4945.694088,22015.23753,2571.428571,17.5,23.92857143,26715.80383
486.0342325,132.5140942,5036.550665,26241.21485,2500,17.5,16.42857143,21333.07856
522.7838206,144.1463653,6487.184876,30770.75147,2714.285714,13.75,12.14285714,19085.6002
585.0636975,152.2252257,9871.843944,33780.48727,2928.571429,10,11.07142857,18364.14811
495.1296345,130.7090679,5133.200424,25256.13389,2714.285714,21.25,16.42857143,24165.54795
445.2768437,135.6363914,4069.996016,27840.50955,2571.428571,21.25,13.21428571,20743.71027
704.395838,132.6910841,10831.24582,27753.61312,3142.857143,10,21.78571429,24970.89436
585.1491968,137.0555397,8153.134639,27588.21835,2857.142857,13.75,15.35714286,22745.11329
710.1172388,131.3624144,11442.66111,27334.16304,3142.857143,10,22.85714286,25461.39101
587.1549183,135.7969556,7711.203222,27466.15396,2857.142857,13.75,16.42857143,23008.89115
546.6532913,122.5079141,5795.531988,21669.18524,2857.142857,25,21.78571429,30057.07423
671.8784581,120.0991247,8463.279715,20791.94482,3428.571429,25,25,38397.54779
562.9016032,138.3140009,6687.372823,27905.63918,3142.857143,17.5,13.21428571,24672.31748
550.9615125,127.0233504,6341.083469,23824.29861,3142.857143,25,17.5,30425.88195
691.1130952,122.6993036,9505.970985,21287.88035,3428.571429,21.25,23.92857143,36734.87998
564.774222,139.9679771,8062.046253,30166.22608,2642.857143,10,16.42857143,19072.95891
555.6416349,139.0655255,7522.067864,28597.92063,2785.714286,13.75,14.28571429,21287.22718
498.120653,120.0991247,4708.671059,20791.94482,2571.428571,25,25,28798.16083
610.9844849,134.1496085,8676.53366,26444.10148,2928.571429,13.75,17.5,24958.39019
546.5559805,127.2479031,5876.671039,24012.35017,2785.714286,21.25,18.57142857,25855.38663
583.3639009,121.8210483,6053.926267,21473.49549,2928.571429,21.25,25,31577.25365
520.4379508,122.6993036,5402.778121,21287.88035,2571.428571,21.25,23.92857143,27551.15998
471.9588378,140.2234161,4965.627526,30625.87001,2714.285714,21.25,11.07142857,19369.09469
587.9562438,128.7305611,7317.361493,24687.64865,2642.857143,13.75,21.78571429,23878.86569
579.0378905,127.879848,6878.933283,24106.8701,2642.857143,13.75,22.85714286,24566.95719
641.6196373,124.3027686,7516.367188,22015.23753,3142.857143,17.5,23.92857143,32652.64913
580.2103356,141.3453169,7678.108306,29133.96751,3000,13.75,13.21428571,22483.44401
701.4826151,137.9667214,12482.46517,29272.22167,3142.857143,10,17.5,23883.70444
589.7660374,129.898274,6605.779443,25202.68663,3357.142857,25,15.35714286,29955.40904
572.6179532,143.3706099,7135.865711,31000.93185,3285.714286,17.5,11.07142857,23166.77135
703.3702691,135.7969556,11029.32853,27466.15396,3428.571429,13.75,16.42857143,27610.66938
532.2062993,150.256433,6295.143229,33066.57054,2857.142857,13.75,10,18175.25837
578.2586749,131.1530458,7027.459091,26607.14016,3357.142857,25,14.28571429,28414.95932
597.0746011,132.5140942,7577.581526,26241.21485,3071.428571,17.5,16.42857143,26209.2108
601.7141283,130.7090679,7505.433225,25256.13389,3285.714286,21.25,16.42857143,29253.03174
528.6808128,137.0555397,6634.79019,27588.21835,2571.428571,13.75,15.35714286,20470.60196
496.9358219,122.5079141,4809.831681,21669.18524,2571.428571,25,21.78571429,27051.3668
430.0945048,131.1530458,3861.45569,26607.14016,2500,25,14.28571429,21160.07609
528.48587,135.7969556,6281.271766,27466.15396,2571.428571,13.75,16.42857143,20708.00203
438.4004977,129.898274,3686.380189,25202.68663,2500,25,15.35714286,22307.2195
642.3245804,126.8825595,8689.765061,23943.24071,3000,13.75,23.92857143,28429.39879
747.3394945,141.9756666,15325.0413,29999.89436,3357.142857,10,15.35714286,24128.40995
549.4998151,134.1496085,6979.086015,26444.10148,2642.857143,13.75,17.5,22523.42529
615.4341719,121.5720176,7294.686237,20883.73213,3142.857143,25,22.85714286,34445.4555
528.2472272,121.8210483,4865.808438,21473.49549,2642.857143,21.25,25,28496.54597
565.2811118,141.0263122,6816.421311,32006.19475,3357.142857,25,10,22811.49152
569.6012708,140.2234161,7058.822781,30625.87001,3285.714286,21.25,11.07142857,23446.79884
476.4811917,150.256433,5174.812811,33066.57054,2571.428571,13.75,10,16357.73253
523.5727756,141.3453169,6314.628673,29133.96751,2714.285714,13.75,13.21428571,20342.16363
578.0859923,129.6628329,6978.08518,24562.2912,2857.142857,17.5,18.57142857,25774.01331
625.6098339,125.1044344,7730.695993,22207.04055,3000,17.5,22.85714286,30554.95792
571.474318,128.2370666,6268.862154,24075.94001,2857.142857,17.5,19.64285714,26487.03167
713.5334198,129.6585512,11692.60428,26207.80935,3428.571429,13.75,20.71428571,30311.08579
603.6285537,122.5079141,7112.656969,21669.18524,3142.857143,25,21.78571429,33062.78165
583.5702292,124.045491,6724.453786,22972.63175,3357.142857,25,20.71428571,34467.11758
561.08195,127.0233504,6603.489234,23824.29861,3214.285714,25,17.5,31117.37927
536.8093257,129.898274,5483.672167,25202.68663,3071.428571,25,15.35714286,27406.01252
522.6062692,137.5909373,5534.322586,29252.7357,3000,21.25,12.14285714,22434.13683
673.0201752,155.8650042,13023.19397,34714.82646,3357.142857,10,10,19983.88949
535.0138904,129.6585512,6517.26718,26207.80935,2571.428571,13.75,20.71428571,22733.31433
574.3528464,126.8825595,7089.17341,23943.24071,2714.285714,13.75,23.92857143,25721.837
677.7169604,120.7074118,8671.934216,20621.80798,3500,25,23.92857143,39306.21022
433.0887719,124.045491,3693.742149,22972.63175,2500,25,20.71428571,25667.00245
693.7341443,129.6628329,10214.42899,24562.2912,3428.571429,17.5,18.57142857,30928.81598
524.3196131,135.6490871,6204.747862,27543.52447,2857.142857,17.5,14.28571429,23002.37848
614.1455348,124.1757125,7319.687578,22222.08554,3000,21.25,21.78571429,30472.35833
587.0352861,143.3706099,7525.912488,31000.93185,3357.142857,17.5,11.07142857,23670.39681
618.405719,123.8243102,7335.092642,21498.54512,3000,21.25,22.85714286,31389.0706
533.1577859,126.3036276,4916.51269,23183.49958,2857.142857,21.25,19.64285714,27829.42461
634.96739,141.3453169,9250.51374,29133.96751,3285.714286,13.75,13.21428571,24624.7244
546.7383524,135.4022775,6390.200832,29465.62532,3214.285714,25,12.14285714,24215.29574
545.9033039,133.7753228,5984.757288,27229.95689,3214.285714,25,13.21428571,26653.19561
563.0846659,126.5105881,6415.411245,23022.57314,2714.285714,17.5,21.78571429,26514.15466
517.8771759,129.6628329,5656.323869,24562.2912,2571.428571,17.5,18.57142857,23196.61198
518.1216467,128.2370666,5004.200152,24075.94001,2571.428571,17.5,19.64285714,23838.3285
762.6608013,132.4598193,12470.11235,26082.82178,3500,13.75,18.57142857,29466.58428
770.0504209,130.2873154,13779.16121,27206.31656,3500,10,23.92857143,28808.14937
437.2882114,143.3706099,4177.076046,31000.93185,2500,17.5,11.07142857,17626.89125
502.7709916,133.691223,5410.989311,29400.27912,2500,10,20.71428571,19481.37452
519.2073551,127.0233504,5371.96292,23824.29861,2928.571429,25,17.5,28351.39001
470.9429728,137.5909373,4455.335393,29252.7357,2714.285714,21.25,12.14285714,20297.55237
487.6670471,129.898274,4512.463075,25202.68663,2785.714286,25,15.35714286,24856.61602
627.3931808,135.6490871,8771.83275,27543.52447,3428.571429,17.5,14.28571429,27602.85418
527.0013611,146.8500398,6520.38462,31874.07966,2857.142857,13.75,11.07142857,19315.99198
705.0665433,126.8825595,10580.36653,23943.24071,3285.714286,13.75,23.92857143,31136.96058
592.4964262,140.9115207,7490.688413,29965.52173,3285.714286,17.5,12.14285714,24129.92625
633.3098556,121.5720176,7659.014362,20883.73213,3214.285714,25,22.85714286,35228.30676
547.5581678,128.6388998,6451.870161,24317.50748,3000,21.25,17.5,28195.96038
537.6534322,124.045491,5645.621696,22972.63175,3071.428571,25,20.71428571,31533.74586
723.3910065,139.9679771,13237.10809,30166.22608,3357.142857,10,16.42857143,24227.81267
615.9407847,155.8650042,10997.59806,34714.82646,3071.428571,10,10,18283.13293
621.0215834,120.7074118,7132.772991,20621.80798,3214.285714,25,23.92857143,36097.53999
674.7928859,146.4284721,12652.46428,31267.31035,3214.285714,10,13.21428571,22004.7552
470.4418701,135.6490871,4951.669815,27543.52447,2571.428571,17.5,14.28571429,20702.14063
473.5635187,126.3036276,3873.625155,23183.49958,2571.428571,21.25,19.64285714,25046.48214
559.818476,123.8243102,6062.232101,21498.54512,2714.285714,21.25,22.85714286,28399.6353
654.6042163,137.9667214,10787.3763,29272.22167,2928.571429,10,17.5,22255.27005
497.3659507,135.4022775,5178.823519,29465.62532,2928.571429,25,12.14285714,22062.82501
682.7899136,126.5105881,9336.399895,23022.57314,3285.714286,17.5,21.78571429,32096.08197
696.4851076,132.4598193,10465.00517,26082.82178,3214.285714,13.75,18.57142857,27061.14883
635.0906874,128.2370666,7634.742051,24075.94001,3142.857143,17.5,19.64285714,29135.73484
678.5665926,125.1044344,9156.063763,22207.04055,3285.714286,17.5,22.85714286,33464.95391
497.6358753,133.7753228,4959.844294,27229.95689,2928.571429,25,13.21428571,24284.02267
460.4646386,141.0263122,4598.383123,32006.19475,2785.714286,25,10,18928.68445
619.1388706,133.691223,8238.149293,29400.27912,3071.428571,10,20.71428571,23934.26012
708.1467046,130.2873154,11577.7492,27206.31656,3214.285714,10,23.92857143,26456.46371
605.4603019,133.094969,7487.687481,26886.05588,3428.571429,21.25,14.28571429,28448.37268
466.8321157,127.0233504,4364.639051,23824.29861,2642.857143,25,17.5,25585.40073
626.4815346,131.8787253,8301.809255,25770.05092,3428.571429,21.25,15.35714286,29709.15461
574.101798,137.5909373,6593.226543,29252.7357,3285.714286,21.25,12.14285714,24570.72129
547.1580087,128.65626,6069.026022,24898.72652,3071.428571,25,16.42857143,27861.22701
531.7354011,126.129981,5922.483364,24267.24485,2500,13.75,25,23564.29123
566.6604057,129.6952859,6333.616954,27542.61156,2714.285714,10,25,22254.89109
475.5172411,146.8500398,5260.226135,31874.07966,2571.428571,13.75,11.07142857,17384.39278
575.4359482,121.5720176,6342.125972,20883.73213,2928.571429,25,22.85714286,32096.90172
561.3761308,120.7074118,5919.561081,20621.80798,2928.571429,25,23.92857143,32888.86978
495.8684697,128.6388998,5229.148321,24317.50748,2714.285714,21.25,17.5,25510.63082
455.4501587,133.094969,4312.072198,26886.05588,2571.428571,21.25,14.28571429,21336.2795
616.7235766,146.4284721,10583.94005,31267.31035,2928.571429,10,13.21428571,20048.77696
469.836382,131.8787253,4732.442086,25770.05092,2571.428571,21.25,15.35714286,22281.86595
490.10815,124.045491,4708.354963,22972.63175,2785.714286,25,20.71428571,28600.37416
640.9242608,131.0008454,8338.732101,24876.04477,3285.714286,17.5,17.5,29960.42599
586.1847936,120.0991247,6463.870239,20791.94482,3000,25,25,33597.85431
606.5461575,134.3097339,7921.10782,26189.6396,3142.857143,17.5,15.35714286,26458.11561
588.5421415,137.9667214,8832.352903,29272.22167,2642.857143,10,17.5,20084.02419
607.4749762,122.6993036,7309.870278,21287.88035,3000,21.25,23.92857143,32143.01998
534.484595,125.4165203,5850.892044,23454.90595,2857.142857,21.25,20.71428571,28923.70868
662.6499117,139.9679771,11032.08304,30166.22608,3071.428571,10,16.42857143,22165.87116
590.2687965,125.8986409,6597.021688,23542.01672,3142.857143,25,18.57142857,30107.21089
448.2295922,135.4022775,4202.761194,29465.62532,2642.857143,25,12.14285714,19910.35428
448.9175815,133.7753228,3994.72975,27229.95689,2642.857143,25,13.21428571,21914.84973
603.0758892,138.3140009,7675.640567,27905.63918,3357.142857,17.5,13.21428571,26354.52094
647.020475,130.2873154,9607.274429,27206.31656,2928.571429,10,23.92857143,24104.77805
497.6293906,128.65626,5056.786769,24898.72652,2785.714286,25,16.42857143,25269.48497
656.3168718,126.129981,9290.951337,24267.24485,3071.428571,13.75,25,28950.41494
704.2113235,136.4427685,12619.59803,28918.31617,3142.857143,10,18.57142857,23544.8917
735.7219325,132.6910841,11686.62978,27753.61312,3285.714286,10,21.78571429,26105.93501
537.5117538,125.8986409,5427.117576,23542.01672,2857.142857,25,18.57142857,27370.19171
728.0239431,135.1548195,13286.71747,28527.71467,3142.857143,10,19.64285714,24054.38151
547.7160963,144.1463653,7089.824705,30770.75147,2857.142857,13.75,12.14285714,20090.10547
439.1156324,143.5558166,4080.565765,32221.79203,2571.428571,21.25,10,17192.12648
615.7764541,137.0555397,8928.656483,27588.21835,3000,13.75,15.35714286,23882.36895
518.6994551,121.5720176,5144.014828,20883.73213,2642.857143,25,22.85714286,28965.49667
599.905226,128.6388998,7723.440648,24317.50748,3285.714286,21.25,17.5,30881.28994
633.7052425,125.4165203,8218.842409,23454.90595,3428.571429,21.25,20.71428571,34708.45042
574.6388307,131.8787253,6877.952659,25770.05092,3142.857143,21.25,15.35714286,27233.39172
554.3361104,146.4284721,8550.411692,31267.31035,2642.857143,10,13.21428571,18092.79872
512.7672521,120.7074118,4889.492382,20621.80798,2642.857143,25,23.92857143,29680.19955
447.7794458,140.9115207,4230.331954,29965.52173,2500,17.5,12.14285714,18359.7265
527.7814758,120.0991247,5225.087881,20791.94482,2714.285714,25,25,30398.05866
547.1198854,122.6993036,5956.284107,21287.88035,2714.285714,21.25,23.92857143,29081.77998
477.2212282,125.4165203,4643.876516,23454.90595,2571.428571,21.25,20.71428571,26031.33781
606.0423222,139.9679771,9272.203883,30166.22608,2785.714286,10,16.42857143,20103.92966
613.6678491,130.7090679,7776.959441,25256.13389,3357.142857,21.25,16.42857143,29888.96721
570.8870754,132.4598193,7052.508609,26082.82178,2642.857143,13.75,18.57142857,22250.27793
657.7855476,144.1463653,10260.82725,30770.75147,3428.571429,13.75,12.14285714,24108.12657
599.5491939,126.94368,8089.257327,24715.74748,3142.857143,17.5,20.71428571,29746.55864
626.3837889,132.5140942,8266.313141,26241.21485,3214.285714,17.5,16.42857143,27428.24386
612.6527994,121.8210483,6670.120472,21473.49549,3071.428571,21.25,25,33117.60747
556.6985335,150.256433,6966.4224,33066.57054,3000,13.75,10,19084.02129
643.0341613,125.8986409,7792.98659,23542.01672,3428.571429,25,18.57142857,32844.23006
585.8193548,130.2873154,8066.115963,27206.31656,2642.857143,10,23.92857143,21753.09238
562.6021657,137.284307,7055.019551,30699.75682,3357.142857,25,11.07142857,24317.33446
814.584652,135.1548195,16484.18402,28527.71467,3500,10,19.64285714,26787.83395
532.52847,143.5558166,6050.21016,32221.79203,3142.857143,21.25,10,21012.59904
567.6321659,135.6363914,6675.173333,27840.50955,3285.714286,21.25,13.21428571,26505.85202
586.5105396,126.129981,7605.078242,24267.24485,2785.714286,13.75,25,26257.35309
618.1546897,128.7305611,8260.74106,24687.64865,2785.714286,13.75,21.78571429,25169.61519
495.0917411,144.1463653,5825.19335,30770.75147,2571.428571,13.75,12.14285714,18081.09492
558.3094842,137.0555397,7394.465155,27588.21835,2714.285714,13.75,15.35714286,21607.85762
480.8750245,125.8986409,4354.296331,23542.01672,2571.428571,25,18.57142857,24633.17254
624.7773027,146.5901373,8467.105935,32382.17106,3500,17.5,10,23079.94081
703.5263773,124.1757125,9538.766927,22222.08554,3428.571429,21.25,21.78571429,34825.55238
556.4626706,152.2252257,8811.065551,33780.48727,2785.714286,10,11.07142857,17468.336
418.3059285,137.284307,3816.42032,30699.75682,2500,25,11.07142857,18108.65332
626.5222168,129.6585512,8972.831779,26207.80935,3000,13.75,20.71428571,26522.20006
700.0533575,149.4263515,14314.04983,32867.37081,3357.142857,10,12.14285714,21756.07005
581.258933,125.4165203,6993.845149,23454.90595,3142.857143,21.25,20.71428571,31816.07955
659.9253379,122.6993036,8616.897077,21287.88035,3285.714286,21.25,23.92857143,35204.25998
594.6507113,140.2234161,7806.768501,30625.87001,3428.571429,21.25,11.07142857,24466.22488
507.075204,150.256433,5767.793066,33066.57054,2714.285714,13.75,10,17266.49545
555.1795152,121.8210483,5485.31147,21473.49549,2785.714286,21.25,25,30036.89981
569.5558539,132.5140942,6840.878226,26241.21485,2928.571429,17.5,16.42857143,24990.17775
755.66793,132.6910841,12081.20736,27753.61312,3357.142857,10,21.78571429,26673.45534
744.4601242,135.1548195,13748.67104,28527.71467,3214.285714,10,19.64285714,24601.07199
632.2506607,122.5079141,7795.557875,21669.18524,3285.714286,25,21.78571429,34565.63536
632.2506607,122.5079141,7795.557875,21669.18524,3285.714286,25,21.78571429,34565.63536
